{
    "metrics": {
        "http_req_duration_my_chat_rooms_list": {
            "min": 28.088,
            "med": 29.561,
            "max": 39.754,
            "p(90)": 38.496,
            "p(95)": 38.9242,
            "avg": 31.631736842105266
        },
        "http_req_duration": {
            "med": 159.57,
            "max": 199.835,
            "p(90)": 169.4502,
            "p(95)": 170.0433,
            "avg": 123.04913937282238,
            "min": 17.676,
            "thresholds": {
                "p(95)<1500": false
            }
        },
        "http_req_tls_handshaking": {
            "max": 13.803,
            "p(90)": 0,
            "p(95)": 0,
            "avg": 0.04809407665505227,
            "min": 0,
            "med": 0
        },
        "iterations": {
            "count": 23965,
            "rate": 198.82103976758455
        },
        "http_req_failed": {
            "passes": 0,
            "fails": 287,
            "thresholds": {
                "rate<0.05": false
            },
            "value": 0
        },
        "http_req_receiving": {
            "med": 0.136,
            "max": 11.885,
            "p(90)": 0.26780000000000004,
            "p(95)": 0.30379999999999996,
            "avg": 0.25958536585365855,
            "min": 0.048
        },
        "data_received": {
            "count": 303182,
            "rate": 2515.2914867020995
        },
        "http_req_duration_festivals_list": {
            "avg": 24.732499999999998,
            "min": 18.235,
            "med": 27.81,
            "max": 30.476,
            "p(90)": 28.957,
            "p(95)": 29.607599999999998
        },
        "http_reqs": {
            "count": 287,
            "rate": 2.381040618122127
        },
        "checks": {
            "passes": 87,
            "fails": 0,
            "value": 1
        },
        "vus": {
            "value": 200,
            "min": 200,
            "max": 200
        },
        "vus_max": {
            "value": 200,
            "min": 200,
            "max": 200
        },
        "http_req_connecting": {
            "avg": 0.02845644599303136,
            "min": 0,
            "med": 0,
            "max": 8.167,
            "p(90)": 0,
            "p(95)": 0
        },
        "http_req_waiting": {
            "max": 199.513,
            "p(90)": 168.94140000000002,
            "p(95)": 169.4675,
            "avg": 122.49092682926832,
            "min": 17.233,
            "med": 159.078
        },
        "data_sent": {
            "count": 30654,
            "rate": 254.3150491565006
        },
        "http_req_sending": {
            "avg": 0.2986271777003485,
            "min": 0.034,
            "med": 0.309,
            "max": 0.592,
            "p(90)": 0.4068,
            "p(95)": 0.43
        },
        "iteration_duration": {
            "avg": 1002.3728538466897,
            "min": 1000.011833,
            "med": 1000.922333,
            "max": 33902.043041,
            "p(90)": 1001.711358,
            "p(95)": 1002.0152332
        },
        "http_req_duration_user_profile": {
            "p(95)": 29.2233,
            "avg": 23.02542857142857,
            "min": 17.676,
            "med": 18.783,
            "max": 57.738,
            "p(90)": 28.584600000000002
        },
        "http_req_duration{expected_response:true}": {
            "min": 17.676,
            "med": 159.57,
            "max": 199.835,
            "p(90)": 169.4502,
            "p(95)": 170.0433,
            "avg": 123.04913937282238
        },
        "http_req_duration_create_chatroom": {
            "med": 40.267,
            "max": 107.498,
            "p(90)": 81.85160000000002,
            "p(95)": 96.0392,
            "avg": 50.92469230769231,
            "min": 37.437
        },
        "http_req_blocked": {
            "avg": 0.08540069686411153,
            "min": 0,
            "med": 0.002,
            "max": 24.067,
            "p(90)": 0.002,
            "p(95)": 0.002
        }
    },
    "root_group": {
        "name": "",
        "path": "",
        "id": "d41d8cd98f00b204e9800998ecf8427e",
        "groups": {},
        "checks": {
                "SETUP: Master token created": {
                    "passes": 1,
                    "fails": 0,
                    "name": "SETUP: Master token created",
                    "path": "::SETUP: Master token created",
                    "id": "7f3c2c1ada2568f195efc71fe206339a"
                },
                "SETUP: Festival created": {
                    "name": "SETUP: Festival created",
                    "path": "::SETUP: Festival created",
                    "id": "a89a6fa3d2ef5e83e30b82e77ddf23a4",
                    "passes": 1,
                    "fails": 0
                },
                "user profile: status is 200": {
                    "id": "0167bb9bc750463b2548595c678a245d",
                    "passes": 28,
                    "fails": 0,
                    "name": "user profile: status is 200",
                    "path": "::user profile: status is 200"
                },
                "my chat-rooms list: status is 200": {
                    "name": "my chat-rooms list: status is 200",
                    "path": "::my chat-rooms list: status is 200",
                    "id": "eac97598b4dc01e3bb495c95a9d5256c",
                    "passes": 19,
                    "fails": 0
                },
                "create chatroom: status is 201": {
                    "fails": 0,
                    "name": "create chatroom: status is 201",
                    "path": "::create chatroom: status is 201",
                    "id": "01d1bd0d1d5e0a5ed3d70524554b96f1",
                    "passes": 13
                },
                "festival list: status is 200": {
                    "passes": 14,
                    "fails": 0,
                    "name": "festival list: status is 200",
                    "path": "::festival list: status is 200",
                    "id": "bd583a6e5a664b80f2f77c0fe0fdb193"
                },
                "total search: status is 200": {
                    "fails": 0,
                    "name": "total search: status is 200",
                    "path": "::total search: status is 200",
                    "id": "cac2fec353419a85e649939282ab9536",
                    "passes": 11
                }
            }
    }
}